Month,Day,Year,Survey,Transect,Scat_#,Latitude,Longitude,Habitat_type,Freshness,Diameter_1,Diameter_2,Length,Spp_ID_(field),Lab_ID,Spp_ID_(fragment analysis),Individual_ID
6,24,2008,1,A,1,3806579,345694,G,.,2.34,2.4,17.5,coyote,1,unk,1
6,24,2008,1,A,2,3806581,345694,G,.,.,.,.,unk,2,unk,.
6,24,2008,1,A,3,3806581,345694,G,.,1.47,1.35,6,NC,3,MC,.
6,24,2008,1,A,4,3806530,345694,G,.,2.33,2.2,5,MC,4,unk,.
6,24,2008,1,A,5,3806537,345692,G,.,1.83,2.05,2.9,MC,5,unk,.
6,24,2008,1,A,6,3806271,345692,G,.,0.88,0.85,3.5,NC,6,coyote,2
6,24,2008,1,A,7,3806258,345692,G,.,1.76,1.71,9,MC,7,coyote,.
6,24,2008,1,A,8,3806228,345688,G,.,2.2,2.17,4.5,MC,8,coyote,.
6,24,2008,1,A,9,3806229,345687,G,.,2.08,1.87,5.5,MC,9,coyote,.
6,24,2008,1,A,10,3805970,345682,G,.,.,.,.,unk,10,unk,.
6,24,2008,1,A,11,3805916,345685,G,.,2.69,2.18,5.4,MC,11,unk,.
6,24,2008,1,A,12,3805753,345679,G,.,1.81,1.74,6,NC,12,coyote,3
6,24,2008,1,A,13,3805755,345680,G,.,2.22,2.19,7.5,coyote,13,unk,3
6,24,2008,1,A,14,3805758,345678,G,.,2.09,2.28,5,NC,14,coyote,3
6,24,2008,1,A,15,3805764,345680,G,.,1.77,1.85,7,coyote,15,coyote,.
6,24,2008,1,A,16,3805763,345681,G,.,1.64,1.67,4,NC,16,coyote,2
6,24,2008,1,A,17,3805755,345689,G,.,1.54,1.11,2.5,unk,17,coyote,2
6,24,2008,1,A,18,3805756,345679,G,.,1.36,1.11,3,NC,18,coyote,3
6,24,2008,1,A,19,3805637,345682,G,.,1.66,1.74,2.7,unk,19,coyote,3
6,24,2008,1,A,20,3805640,345680,G,.,1.12,1.23,3,unk,20,coyote,3
6,24,2008,1,A,21,3805635,345680,G,.,1.72,1.73,2.5,unk,21,coyote,3
6,24,2008,1,A,22,3805287,345672,G,.,2.07,1.98,3.1,unk,22,coyote,.
6,24,2008,1,A,23,3805247,345671,G,.,.,.,.,unk,23,coyote,.
6,24,2008,1,A,24,3805229,345670,G,.,.,.,.,unk,24,coyote,.
6,24,2008,1,B,1,3803767,345009,G,.,.,.,.,unk,25,unk,.
6,24,2008,1,B,2,3803777,345016,G,.,1.78,1.58,4.4,NC,26,coyote,4
6,24,2008,1,B,3,3803777,345014,G,.,.,.,.,unk,27,unk,.
6,24,2008,1,B,4,3803776,345015,G,.,1.66,1.58,3.2,unk,28,coyote,4
6,24,2008,1,B,5,3803778,345016,G,.,.,.,.,unk,29,coyote,.
6,24,2008,1,B,6,3803778,345014,G,.,1.66,1.92,.,unk,30,unk,.
6,24,2008,1,B,7,3803625,344950,G,.,2,1.48,7.2,MC,31,MC,5
6,24,2008,1,B,8,3803495,344886,G,.,.,.,.,unk,32,coyote,6
6,24,2008,1,B,9,3803358,344825,G,.,1.66,1.67,4.1,NC,33,coyote,3
6,24,2008,1,B,10,3802884,344609,G,.,.,.,.,unk,34,MC,.
6,24,2008,1,B,11,3802878,344611,G,.,.,.,.,unk,35,coyote,.
6,24,2008,1,B,12,3802860,344600,G,.,.,.,.,unk,36,coyote,.
6,24,2008,1,C,1,3799141,343388,S,.,.,.,.,unk,37,coyote,.
6,24,2008,1,C,2,3799072,343410,S,.,1.94,1.83,10,coyote,38,coyote,7
6,24,2008,1,C,3,3799048,343426,S,.,.,.,.,unk,39,coyote,.
6,24,2008,1,C,4,3798888,343519,S,.,2.16,2.21,6.5,MC,40,coyote,8
6,24,2008,1,C,5,3798603,343684,S,.,1.85,1.97,19,coyote,41,coyote,7
6,26,2008,1,I,3,3803441,349941,G,3,1.92,1.77,8,coyote,42,coyote,9
6,26,2008,1,J,1,3806039,348310,G,3,1.97,2.37,8,coyote,43,coyote,1
6,27,2008,1,P,2,3788820,337227,S,3,2.01,1.8,10,coyote,44,unk,10
6,28,2008,1,S,4,3794822,323012,S,3,2.71,2.51,11,coyote,45,coyote,.
7,7,2008,2,C,1,3799045,343428,S,3,2.19,2.23,8,coyote,46,coyote,11
7,8,2008,2,H,2,3800885,350414,G,3,1.94,1.68,6.5,coyote,47,coyote,12
7,8,2008,2,I,2,3803327,350019,G,3,2.35,2.12,8.5,coyote,48,coyote,13
7,9,2008,2,L,2,3793706,340273,S,3,1.8,1.81,9.5,coyote,49,unk,.
7,21,2008,3,C,5,3798987,343455,S,3,2.76,2.86,9.9,coyote,50,unk,.
7,23,2008,3,M,3,3793650,337689,G,3,2.36,2.45,6.9,coyote,51,MC,14
7,7,2008,2,C,2,3798977,343464,S,2,2.37,2.51,6.6,coyote,52,coyote,15
7,7,2008,2,E,2,3796056,344908,G,2,2.33,2.37,10.4,coyote,53,coyote,16
7,8,2008,2,F,2,3795646,346880,G,2,2.27,2.71,11.2,coyote,54,coyote,17
7,8,2008,2,H,4,3801559,350915,G,2,2.69,2.71,12,coyote,55,coyote,12
7,8,2008,2,J,2,3806327,348125,G,2,1.86,1.89,8.5,coyote,56,unk,.
7,8,2008,2,J,5,3806823,347806,G,2,1.92,1.75,7,coyote,57,coyote,2
7,9,2008,2,O,2,3788580,334524,S,2,1.87,2.11,8,coyote,58,MC,18
7,24,2008,3,S,1,3795612,323034,S,2,2.26,2.36,9.5,coyote,59,coyote,.
6,24,2008,1,C,6,3798481,343748,S,.,.,.,.,unk,60,unk,.
6,24,2008,1,C,7,3798318,343846,S,.,.,.,.,unk,61,coyote,7
6,25,2008,1,D,1,3800097,341762,S,.,2.38,2.46,25,coyote,62,unk,7
6,25,2008,1,D,2,3800218,341471,S,.,2,1.96,14.2,coyote,63,coyote,19
6,25,2008,1,D,3,3800238,341422,S,.,2,2.07,4.3,MC,64,coyote,20
6,25,2008,1,D,4,3800252,341406,S,.,1.5,1.45,5.7,NC,65,coyote,20
6,25,2008,1,E,1,3796440,344792,G,.,2.15,2.01,9.5,coyote,66,unk,16
6,25,2008,1,E,2,3796143,344877,G,.,.,.,.,unk,67,coyote,21
6,25,2008,1,E,3,3795256,345215,G,.,2.06,1.93,11.5,coyote,68,unk,.
6,25,2008,1,F,1,3795430,346792,G,.,.,.,.,unk,69,coyote,22
6,25,2008,1,F,2,3795562,346845,G,.,.,.,.,unk,70,coyote,.
6,25,2008,1,F,3,3796263,347167,G,.,2.17,1.94,9,coyote,71,coyote,.
6,25,2008,1,F,4,3796362,347216,G,.,2.41,2.45,10,coyote,72,MC,.
6,25,2008,1,F,5,3796383,347223,G,.,2.03,2.27,9,coyote,73,coyote,23
6,25,2008,1,G,1,3798299,348427,G,.,1.73,1.7,9.8,MC,74,coyote,.
6,25,2008,1,G,2,3798363,348475,G,.,1.98,1.61,10.5,coyote,75,coyote,24
6,25,2008,1,H,1,3800682,350260,G,.,2.24,2.5,12,MC,76,coyote,25
6,25,2008,1,H,2,3800771,350328,G,.,1.49,1.43,10,MC,77,coyote,.
6,25,2008,1,H,3,3800932,350440,G,.,1.29,1.5,11,MC,78,coyote,26
6,25,2008,1,H,4,3800961,350461,G,.,2.12,1.88,9,coyote,79,unk,.
6,25,2008,1,H,5,3801073,350554,G,.,1.85,1.96,12,coyote,80,coyote,26
6,25,2008,1,H,6,3801224,350664,G,.,1.97,1.95,10,coyote,81,coyote,26
6,25,2008,1,H,7,3801246,350682,G,.,1.75,1.8,10.5,MC,82,coyote,.
6,25,2008,1,H,8,3801287,350709,G,.,.,.,.,unk,83,coyote,26
6,25,2008,1,H,9,3801859,350942,G,.,.,.,.,unk,84,coyote,.
6,25,2008,1,H,10,3801861,350941,G,.,2.14,1.73,15.5,coyote,85,coyote,12
6,26,2008,1,I,1,3803185,350102,G,3,1.64,1.52,6,NC,86,MC,.
6,26,2008,1,I,2,3803250,350064,G,3,.,.,.,unk,87,coyote,.
6,26,2008,1,I,4,3803737,349758,G,2,.,.,.,unk,88,MC,.
6,26,2008,1,I,5,3803752,349745,G,2,.,.,.,unk,89,MC,5
6,26,2008,1,I,6,3803840,349691,G,2,2.07,2.08,11.1,coyote,90,unk,.
6,26,2008,1,I,7,3803909,349650,G,2,.,.,.,unk,91,MC,.
6,26,2008,1,I,8,3803909,349652,G,1,.,.,.,unk,92,MC,27
6,26,2008,1,I,9,3803907,349651,G,2,2,1.89,5.7,MC,93,coyote,27
6,26,2008,1,I,10,3804008,349587,G,3,1.73,1.77,4.5,MC,94,MC,28
6,26,2008,1,J,2,3806117,348261,G,3,1.79,1.75,7.5,MC,95,coyote,2
6,26,2008,1,J,3,3806117,348261,G,1,1.84,1.96,9.5,coyote,96,coyote,29
6,26,2008,1,J,4,3806264,348160,G,3,1.18,1.35,6.5,MC,97,MC,1
6,26,2008,1,J,5,3806286,348148,G,2,.,.,.,unk,98,MC,.
6,26,2008,1,J,6,3806286,348149,G,3,.,.,.,unk,99,unk,.
6,26,2008,1,J,7,3806440,348054,G,2,1.55,1.62,4.5,NC,100,coyote,29
6,26,2008,1,J,8,3806463,348003,G,1,2.11,2.03,6.5,coyote,101,unk,.
6,26,2008,1,J,9,3806798,347820,G,2,.,.,.,unk,102,unk,.
6,26,2008,1,J,10,3806837,347797,G,2,.,.,.,unk,103,coyote,29
6,26,2008,1,J,11,3806843,347788,G,2,2.28,2.15,8,coyote,104,unk,.
6,26,2008,1,J,12,3806970,347714,G,2,1.57,1.62,6,NC,105,unk,.
6,27,2008,1,K,1,3796558,341967,S,3,.,.,.,unk,106,coyote,30
6,27,2008,1,K,2,3796472,341916,S,3,1.34,1.48,6.6,NC,107,coyote,.
6,27,2008,1,K,3,3796116,341830,S,1,.,.,.,unk,108,coyote,.
6,27,2008,1,K,4,3795609,341566,S,2,.,.,.,unk,109,unk,.
6,27,2008,1,L,1,3793984,340294,S,2,.,.,.,unk,110,MC,.
6,27,2008,1,M,1,3793641,337922,G,2,1.89,2.38,5.9,MC,111,coyote,.
6,27,2008,1,M,2,3793679,337172,G,2,3.09,3.1,10.3,coyote,112,coyote,.
6,27,2008,1,L,2,3793485,340019,S,1,.,.,.,unk,113,coyote,.
6,27,2008,1,M,3,3793696,336984,G,2,1.38,1.36,7.8,MC,114,unk,.
6,27,2008,1,M,4,3793643,336794,G,3,2.29,2.15,5.5,MC,115,coyote,31
6,27,2008,1,N,1,3792262,335946,G,1,.,.,.,unk,116,unk,.
6,27,2008,1,N,2,3791863,335801,G,2,2.34,2.4,13,coyote,117,coyote,.
6,27,2008,1,N,3,3791237,335573,G,2,1.65,1.56,6.5,MC,118,coyote,32
6,27,2008,1,N,4,3790845,335416,G,2,2.15,2.1,5.5,MC,119,unk,.
6,27,2008,1,O,1,3788440,334464,S,2,.,.,.,unk,120,coyote,.
6,27,2008,1,O,2,3787979,334413,S,2,2.03,2.08,4.5,MC,121,coyote,.
6,27,2008,1,P,1,3788291,336970,S,2,2.19,2.36,9,coyote,122,coyote,.
6,28,2008,1,Q,1,3790250,338810,S,2,1.67,1.86,9,MC,123,coyote,33
6,28,2008,1,Q,2,3790373,338916,S,2,2,2.04,11.5,coyote,124,coyote,10
6,28,2008,1,Q,3,3790395,338941,S,2,1.79,1.81,10,coyote,125,unk,.
6,28,2008,1,Q,4,3790524,339047,S,2,.,.,.,unk,126,unk,.
6,28,2008,1,R,1,3795920,324885,S,2,.,.,.,unk,127,coyote,.
6,28,2008,1,R,2,3795993,324760,S,2,1.81,1.84,5.3,MC,128,coyote,34
6,28,2008,1,R,3,3795996,324709,S,3,.,.,.,unk,129,coyote,.
6,28,2008,1,R,4,3796005,324684,S,2,.,.,.,unk,130,coyote,.
6,28,2008,1,R,5,3796004,324687,S,2,2.4,2.59,8.3,MC,131,MC,.
6,28,2008,1,R,6,3796011,324664,S,2,1.49,1.48,5.2,NC,132,unk,.
6,28,2008,1,R,7,3796088,324460,S,2,2.37,2.16,7.1,coyote,133,coyote,35
6,28,2008,1,R,8,3796180,324212,S,3,.,.,.,unk,134,coyote,.
6,28,2008,1,R,9,3796197,324162,S,2,2.21,2.14,8.5,coyote,135,unk,.
6,28,2008,1,R,10,3796195,324156,S,2,1.57,1.67,8,MC,136,coyote,.
6,28,2008,1,R,11,3796221,324099,S,3,.,.,.,unk,137,coyote,.
6,28,2008,1,R,12,3796235,324054,S,1,2.28,2.18,6.9,MC,138,MC,36
6,28,2008,1,R,13,3796251,324014,S,1,1.52,1.5,8.3,MC,139,coyote,37
6,28,2008,1,R,14,3796276,323971,S,2,2.03,1.85,8.3,coyote,140,unk,.
6,28,2008,1,R,15,3796299,323896,S,2,1.31,1.39,7.2,MC,141,coyote,.
6,28,2008,1,R,16,3796332,323812,S,2,.,.,.,unk,142,coyote,.
6,28,2008,1,R,17,3796344,323778,S,2,2.31,2.13,12.4,coyote,143,coyote,.
6,28,2008,1,R,18,3796345,323779,S,3,.,.,.,unk,144,coyote,.
6,28,2008,1,R,19,3796344,323778,S,2,1.9,1.93,9,coyote,145,coyote,36
6,28,2008,1,S,1,3795604,323036,S,2,1.82,2.01,7,coyote,146,coyote,38
6,28,2008,1,S,2,3795277,323020,S,3,3.35,2.9,14.5,coyote,147,coyote,37
6,28,2008,1,S,3,3795102,323027,S,2,1.56,1.26,8.5,MC,148,coyote,.
6,28,2008,1,S,5,3794590,322955,S,2,1.89,1.74,8.5,coyote,149,coyote,35
6,28,2008,1,T,1,3791803,322589,S,2,3.6,2.74,16.2,coyote,150,MC,.
6,28,2008,1,T,2,3791747,322589,S,2,2.07,2.12,10.5,coyote,151,coyote,.
6,28,2008,1,T,3,3791748,322590,S,2,.,.,.,unk,152,coyote,.
7,7,2008,2,A,1,3806674,345699,G,2,1.88,1.78,8.5,MC,153,coyote,.
7,7,2008,2,A,2,3806319,345687,G,2,.,.,.,unk,154,MC,1
7,7,2008,2,A,3,3806320,345685,G,2,.,.,.,unk,155,unk,.
7,7,2008,2,A,4,3806085,345687,G,2,.,.,.,unk,156,coyote,.
7,7,2008,2,A,5,3805665,345678,G,2,1.95,2,4,NC,157,unk,.
7,7,2008,2,A,6,3805512,345673,G,2,.,.,.,unk,158,unk,.
7,7,2008,2,A,7,3805513,345676,G,2,2.28,2.31,4,MC,159,unk,1
7,7,2008,2,A,8,3805517,345659,G,2,.,.,.,unk,160,coyote,.
7,7,2008,2,A,9,3805403,345677,G,2,.,.,.,unk,161,coyote,2
7,7,2008,2,A,10,3805296,345674,G,2,.,.,.,unk,162,coyote,39
7,7,2008,2,A,11,3805255,345672,G,3,.,.,.,unk,163,coyote,.
7,7,2008,2,B,1,3803813,345035,G,2,.,.,.,unk,164,coyote,3
7,7,2008,2,B,2,3803350,344824,G,2,.,.,.,unk,165,unk,.
7,7,2008,2,B,3,3803349,344821,G,1,.,.,.,unk,166,unk,.
7,7,2008,2,B,4,3803347,344821,G,2,2.01,2.1,5.5,MC,167,coyote,.
7,7,2008,2,B,5,3803356,344804,G,1,2.01,1.9,4.5,MC,168,coyote,27
7,7,2008,2,C,3,3798709,343613,S,2,2.93,2.44,7.3,coyote,169,coyote,15
7,7,2008,2,C,4,3798615,343673,S,2,1.82,1.61,15,MC,170,coyote,40
7,7,2008,2,C,5,3798564,343703,S,2,.,.,.,unk,171,coyote,.
7,7,2008,2,C,6,3798445,343774,S,2,1.81,1.94,6.1,MC,172,unk,.
7,7,2008,2,C,7,3798432,343778,S,2,2.57,2.35,6.5,coyote,173,MC,.
7,7,2008,2,C,8,3798349,343833,S,2,.,.,.,unk,174,coyote,.
7,7,2008,2,C,9,3798307,343859,S,2,1.64,1.66,9,MC,175,MC,11
7,7,2008,2,D,1,3800171,341557,S,2,2.28,2.09,8,coyote,176,coyote,.
7,7,2008,2,D,2,3800193,341520,S,1,.,.,.,unk,177,coyote,41
7,7,2008,2,D,3,3800189,341521,S,2,.,.,.,unk,178,coyote,20
7,7,2008,2,D,4,3800189,341521,S,2,.,.,.,unk,179,coyote,.
7,7,2008,2,D,5,3800192,341520,S,2,.,.,.,unk,180,coyote,.
7,7,2008,2,D,6,3800215,341472,S,2,2.16,2.14,7,MC,181,MC,20
7,7,2008,2,D,7,3800218,341473,S,2,.,.,.,unk,182,MC,40
7,7,2008,2,D,8,3800221,341472,S,2,.,.,.,unk,183,coyote,.
7,7,2008,2,D,9,3800290,341345,S,2,1.98,2.07,10,coyote,184,coyote,.
7,7,2008,2,D,10,3800407,341124,S,2,3.41,2.74,16,coyote,185,coyote,.
7,7,2008,2,D,11,3800683,340664,S,2,2.13,2.05,11.5,coyote,186,coyote,19
7,7,2008,2,E,1,3796532,344768,G,2,.,.,.,unk,187,coyote,16
7,7,2008,2,E,3,3796047,344908,G,2,1.74,2,10.2,coyote,188,coyote,.
7,7,2008,2,E,4,3796048,344908,G,2,.,.,.,unk,189,coyote,.
7,8,2008,2,F,1,3795228,346684,G,2,2.22,2.02,12.2,coyote,190,unk,.
7,8,2008,2,F,3,3795669,346891,G,2,2.61,2.62,7.1,coyote,191,coyote,.
7,8,2008,2,F,4,3795687,346898,G,2,.,.,.,unk,192,coyote,.
7,8,2008,2,F,5,3796078,347078,G,2,.,.,.,unk,193,coyote,16
7,8,2008,2,F,6,3796082,347080,G,1,.,.,.,unk,194,coyote,16
7,8,2008,2,F,7,3796177,347123,G,1,.,.,.,unk,195,coyote,23
7,8,2008,2,G,1,3798443,348541,G,2,.,.,.,unk,196,MC,25
7,8,2008,2,H,1,3800672,350252,G,2,1.86,1.8,4.3,MC,197,MC,.
7,8,2008,2,H,3,3801506,350879,G,2,1.73,1.73,10,MC,198,unk,.
7,8,2008,2,I,1,3803155,350127,G,2,.,.,.,unk,199,MC,5
7,8,2008,2,I,3,3803378,349980,G,2,3.08,2.99,6.5,coyote,200,unk,.
7,8,2008,2,I,4,3803405,349969,G,2,.,.,.,unk,201,MC,5
7,8,2008,2,I,5,3803396,349974,G,2,.,.,.,unk,202,coyote,13
7,8,2008,2,I,6,3803575,349866,G,2,.,.,.,unk,203,coyote,.
7,8,2008,2,I,7,3803604,349850,G,1,.,.,.,unk,204,coyote,42
7,8,2008,2,I,8,3803625,349829,G,3,.,.,.,unk,205,unk,.
7,8,2008,2,I,9,3803751,349748,G,2,.,.,.,unk,206,MC,5
7,8,2008,2,I,10,3804077,349541,G,2,.,.,.,unk,207,coyote,27
7,8,2008,2,I,11,3804205,349460,G,1,.,.,.,unk,208,unk,.
7,8,2008,2,I,12,3804464,349303,G,2,.,.,.,unk,209,unk,.
7,8,2008,2,I,13,3804465,349302,G,2,2.32,2.25,12.5,coyote,210,coyote,.
7,8,2008,2,J,1,3806270,348158,G,2,.,.,.,unk,211,coyote,2
7,8,2008,2,J,3,3806472,348027,G,1,.,.,.,unk,212,unk,.
7,8,2008,2,J,4,3806760,347837,G,1,.',.,.,unk,213,unk,.
7,8,2008,2,J,6,3806840,347786,G,1,.,.,.,unk,214,coyote,2
7,8,2008,2,J,7,3807010,347674,G,2,.,.,.,unk,215,unk,.
7,9,2008,2,K,1,3796671,341979,S,3,1.73,1.49,8.5,MC,216,coyote,30
7,9,2008,2,K,2,3795655,341601,S,3,1.79,1.63,11,MC,217,coyote,30
7,9,2008,2,L,1,3793760,340265,S,2,1.77,1.62,7.5,MC,218,coyote,.
7,9,2008,2,M,1,3793646,338034,G,2,1.99,1.9,5.5,MC,219,coyote,.
7,9,2008,2,M,2,3793645,337989,G,2,.,.,.,unk,220,MC,.
7,9,2008,2,M,3,3793646,337686,G,2,2.46,2.54,11,MC,221,MC,31
7,9,2008,2,M,4,3793653,337672,G,2,2.42,2.4,6.5,coyote,222,unk,.
7,9,2008,2,M,5,3793688,337084,G,3,2.9,3,8.5,MC,223,MC,.
7,9,2008,2,M,6,3793694,337028,G,2,.,.,.,unk,224,coyote,.
7,9,2008,2,N,1,3791989,335852,G,2,.,.,.,unk,225,unk,.
7,9,2008,2,N,2,3791585,335692,G,2,2.81,2.77,9,coyote,226,MC,.
7,9,2008,2,O,1,3788640,334553,S,1,2.72,2.87,7.5,coyote,227,coyote,32
7,9,2008,2,O,3,3788509,334496,S,2,.,.,.,unk,228,coyote,.
7,13,2008,2,P,1,3788550,337099,S,2,.,.,.,unk,229,unk,.
7,13,2008,2,P,2,3788606,337126,S,2,.,.,.,unk,230,coyote,32
7,13,2008,2,P,3,3788845,337236,S,2,.,.,.,unk,231,coyote,.
7,13,2008,2,Q,1,3791352,339667,S,2,1.67,1.6,7.1,MC,232,unk,.
7,10,2008,2,R,1,3795969,324868,S,2,2.94,3.04,14,coyote,233,coyote,.
7,10,2008,2,R,2,3795949,324866,S,2,0.9,1.07,5,NC,234,unk,.
7,10,2008,2,R,3,3796003,324789,S,3,1.76,1.65,6,MC,235,coyote,34
7,10,2008,2,R,4,3796033,324599,S,2,.,.,.,unk,236,coyote,.
7,10,2008,2,R,5,3796254,324011,S,1,.,.,.,unk,237,coyote,.
7,10,2008,2,R,6,3796314,323858,S,2,2.4,2.46,14,coyote,238,coyote,36
7,10,2008,2,S,1,3795619,323035,S,1,.,.,.,unk,239,MC,.
7,10,2008,2,S,2,3795557,323030,S,2,1.87,1.75,10.7,coyote,240,unk,.
7,10,2008,2,S,3,3795246,323019,S,2,2.33,2.05,6,MC,241,unk,.
7,10,2008,2,S,4,3795083,323017,S,2,.,.,.,unk,242,MC,38
7,10,2008,2,S,5,3794860,323019,S,3,.,.,.,unk,243,coyote,37
7,10,2008,2,T,1,3792094,322597,S,2,.,.,.,unk,244,coyote,.
7,10,2008,2,T,2,3791973,322595,S,1,.,.,.,unk,245,coyote,.
7,10,2008,2,T,3,3791652,322588,S,2,1.94,1.81,4.5,MC,246,unk,.
7,10,2008,2,T,4,3791344,322588,S,2,.,.,.,unk,247,MC,.
7,20,2008,3,A,1,3806642,345696,G,2,2.37,2.22,11,MC,248,coyote,2
7,20,2008,3,A,2,3806420,345687,G,2,2.62,2.58,7.3,coyote,249,unk,.
7,20,2008,3,A,3,3805912,345681,G,3,1.41,1.65,5.8,NC,250,unk,.
7,20,2008,3,A,4,3805635,345680,G,2,.,.,.,unk,251,MC,.
7,20,2008,3,A,5,3805526,345677,G,2,.,.,.,unk,252,unk,.
7,20,2008,3,A,6,3805523,345678,G,2,2.24,2.08,5.4,MC,253,unk,39
7,20,2008,3,B,1,3802872,344602,G,2,.,.,.,unk,254,coyote,.
7,21,2008,3,C,1,3799303,343196,S,2,.,.,.,unk,255,coyote,43
7,21,2008,3,C,2,3799230,343317,S,2,.,.,.,unk,256,coyote,11
7,21,2008,3,C,3,3799203,343346,S,2,.,.,.,unk,257,coyote,.
7,21,2008,3,C,4,3799197,343351,S,3,1.74,1.62,6.5,MC,258,coyote,.
7,21,2008,3,C,6,3798557,343704,S,2,.,.,.,unk,259,MC,.
7,21,2008,3,C,7,3798487,343748,S,2,.,.,.,unk,260,coyote,.
7,20,2008,3,D,1,3800255,341412,S,2,.,.,.,unk,261,unk,.
7,20,2008,3,D,2,3800261,341412,S,2,.,.,.,unk,262,unk,.
7,20,2008,3,D,3,3800437,341078,S,2,1.9,1.79,5,NC,263,coyote,41
7,21,2008,3,E,1,3796360,344808,G,2,1.62,1.55,8,MC,264,coyote,23
7,21,2008,3,F,1,3795319,346731,G,3,2.3,2.25,6.1,MC,265,coyote,16
7,21,2008,3,F,2,3795565,346847,G,2,.,.,.,unk,266,coyote,.
7,21,2008,3,F,3,3795884,346987,G,2,.,.,.,unk,267,coyote,17
7,21,2008,3,F,4,3795905,346999,G,2,1.89,1.98,4.5,MC,268,coyote,.
7,21,2008,3,G,1,3798913,348898,G,1,.,.,.,unk,269,coyote,24
7,21,2008,3,G,2,3798914,348900,G,2,.,.,.,unk,270,unk,.
7,21,2008,3,H,1,3800491,350112,G,2,2.71,2.78,10.3,MC,271,coyote,25
7,21,2008,3,H,2,3800655,350235,G,3,.,.,.,unk,272,unk,26
7,22,2008,3,I,1,3803178,350105,G,3,1.69,1.69,7.2,MC,273,MC,5
7,22,2008,3,I,2,3803544,349880,G,3,2.08,2.23,6.2,MC,274,coyote,27
7,22,2008,3,I,3,3804120,349512,G,2,.,.,.,unk,275,coyote,.
7,23,2008,3,K,1,3795827,341684,S,3,1.28,1.14,8.4,MC,276,coyote,.
7,23,2008,3,L,1,3794174,340426,S,2,.,.,.,unk,277,coyote,30
7,23,2008,3,L,2,3794169,340422,S,2,.,.,.,unk,278,coyote,.
7,23,2008,3,L,3,3794005,340295,S,1,.,.,.,unk,279,coyote,44
7,23,2008,3,L,4,3793585,340279,S,2,.,.,.,unk,280,MC,30
7,23,2008,3,M,1,3793644,337986,G,2,.,.,.,unk,281,MC,.
7,23,2008,3,M,2,3793649,337732,G,2,.,.,.,unk,282,coyote,45
7,23,2008,3,M,4,3793644,337669,G,2,2.38,2.44,10,coyote,283,coyote,.
7,23,2008,3,M,5,3793648,337589,G,1,.,.,.,unk,284,MC,.
7,23,2008,3,M,6,3793670,337250,G,2,.,.,.,unk,285,coyote,31
7,23,2008,3,N,1,3791184,335556,G,3,.,.,.,unk,286,unk,.
7,23,2008,3,O,1,3788578,334526,S,2,2.44,2.4,10.6,coyote,287,unk,.
7,24,2008,3,R,1,3795905,324904,S,2,2.05,2.29,5,MC,288,coyote,.
7,24,2008,3,R,2,3796011,324799,S,2,.,.,.,unk,289,coyote,37
7,24,2008,3,R,3,3796173,324229,S,2,.,.,.,unk,290,coyote,.
7,24,2008,3,S,2,3795159,323015,S,2,1.85,1.63,9,MC,291,coyote,.
7,24,2008,3,S,3,3794833,323017,S,1,.,.,.,unk,292,coyote,.
7,24,2008,3,S,4,3794681,322924,S,2,1.86,2.02,6,MC,293,coyote,.
7,24,2008,3,S,5,3794673,322922,S,2,.,.,.,unk,294,unk,.
7,24,2008,3,T,1,3791345,322585,S,1,.,.,.,unk,295,coyote,37
7,24,2008,3,T,2,3791274,322580,S,1,1.59,1.64,6.5,MC,296,unk,.
7,24,2008,3,T,3,3791230,322581,S,2,1.77,1.86,6.8,coyote,297,MC,.
4,13,2009,4,A,1,3806710,345700,G,2,1.41,1.42,6,coyote,298,coyote,1
4,13,2009,4,A,2,3806317,345691,G,2,.,.,.,unk,299,coyote,.
4,13,2009,4,A,3,3806150,345691,G,2,.,.,.,unk,300,MC,1
4,13,2009,4,A,4,3806114,345684,G,2,.,.,7.8,unk,301,coyote,46
4,13,2009,4,A,5,3805899,345684,G,2,.,.,.,unk,302,unk,.
4,13,2009,4,A,6,3805819,345683,G,2,1.8,1.76,8.6,coyote,303,coyote,2
4,13,2009,4,A,7,3805808,345682,G,2,.,.,.,unk,304,coyote,3
4,13,2009,4,A,8,3805733,345677,G,1,1.97,1.82,5.7,coyote,305,coyote,.
4,13,2009,4,A,9,3805678,345682,G,2,2.46,2.56,9.7,coyote,306,coyote,.
4,13,2009,4,B,1,3803816,345026,G,2,.,.,.,unk,307,coyote,39
4,13,2009,4,B,2,3803410,344845,G,2,2.17,2.21,8,MC,308,coyote,.
4,13,2009,4,B,3,3803413,344842,G,2,1.61,1.55,5,MC,309,coyote,29
4,13,2009,4,B,4,3803352,344824,G,2,2,1.91,6.5,MC,310,coyote,29
4,13,2009,4,B,5,3803349,344821,G,2,.,.,.,unk,311,coyote,.
4,13,2009,4,D,1,3800096,341709,S,2,1.09,0.82,3.7,coyote,312,coyote,19
4,13,2009,4,D,2,3800099,341698,S,2,2.4,2.22,3.7,coyote,313,coyote,47
4,13,2009,4,D,3,3800095,341682,S,1,1.61,1.47,3.3,coyote,314,coyote,47
4,13,2009,4,D,4,3800126,341652,S,2,2.02,2.09,4.4,coyote,315,coyote,43
4,13,2009,4,D,5,3800140,341633,S,1,.,.,.,unk,316,coyote,19
4,13,2009,4,D,6,3800144,341630,S,2,1.26,1.27,5.2,coyote,317,coyote,41
4,13,2009,4,D,7,3800139,341629,S,2,2.3,1.9,7.2,coyote,318,coyote,47
4,13,2009,4,D,8,3800273,341372,S,2,1.57,1.74,4.8,coyote,319,unk,.
4,13,2009,4,D,9,3800622,340800,S,2,1.38,1.43,3.5,MC,320,unk,.
4,13,2009,4,D,10,3800677,340675,S,2,.,.,.,unk,321,MC,.
4,13,2009,4,C,1,3799301,343201,S,2,.,.,.,unk,322,coyote,.
4,13,2009,4,C,2,3799298,343200,S,2,.,.,.,unk,323,coyote,.
4,13,2009,4,C,3,3799227,343327,S,2,.,.,.,unk,324,MC,15
4,13,2009,4,C,4,3799229,343322,S,2,1.76,2.01,6.8,coyote,325,coyote,15
4,13,2009,4,C,5,3798977,343458,S,2,1.71,1.57,7.3,coyote,326,coyote,11
4,13,2009,4,C,6,3798824,343542,S,2,1.71,1.78,7.6,MC,327,coyote,11
4,13,2009,4,C,7,3798698,343623,S,2,1.96,1.84,4.9,coyote,328,coyote,11
4,13,2009,4,C,8,3798641,343649,S,2,1.98,1.72,10,coyote,329,coyote,11
4,13,2009,4,C,9,3798628,343657,S,2,1.75,1.84,5.7,MC,330,coyote,11
4,13,2009,4,C,10,3798487,343748,S,2,2.26,2.49,6.1,MC,331,coyote,15
4,13,2009,4,C,11,3798403,343795,S,2,1.47,1.53,7.2,coyote,332,coyote,11
4,14,2009,4,C,12,3798294,343858,S,2,.,.,.,unk,333,coyote,15
4,14,2009,4,C,13,3798287,343861,S,2,.,.,.,unk,334,coyote,11
4,14,2009,4,C,14,3798251,343884,S,2,.,.,.,unk,335,coyote,11
4,14,2009,4,C,15,3798246,343888,S,2,1.92,2.06,4.5,coyote,336,coyote,.
4,14,2009,4,E,1,3796421,344801,G,2,1.59,1.51,4.5,MC,337,coyote,.
4,14,2009,4,E,2,3796399,344801,G,2,.,.,.,unk,338,coyote,16
4,14,2009,4,E,3,3796398,344805,G,2,.,.,.,unk,339,coyote,21
4,14,2009,4,E,4,3796390,344801,G,2,.,.,.,unk,340,coyote,23
4,14,2009,4,E,5,3796388,344801,G,2,2.28,2.26,6.8,MC,341,coyote,16
4,14,2009,4,E,6,3796388,344801,G,2,.,.,.,unk,342,coyote,22
4,14,2009,4,E,7,3796387,344802,G,2,1.63,1.47,4.7,MC,343,coyote,17
4,14,2009,4,E,8,3796386,344804,G,2,1.87,1.84,9,coyote,344,coyote,16
4,14,2009,4,E,9,3796055,344906,G,2,.,.,.,unk,345,coyote,16
4,14,2009,4,E,10,3795737,345021,G,2,1.7,1.49,12.1,coyote,346,coyote,16
4,14,2009,4,E,11,3795701,345034,G,2,.,.,.,unk,347,coyote,16
4,14,2009,4,F,1,3795585,346846,G,2,2.14,2.1,4.5,coyote,348,coyote,.
4,14,2009,4,F,2,3795920,347003,G,2,2.2,2.18,6.1,MC,349,coyote,.
4,14,2009,4,F,3,3796402,347222,G,2,.,.,.,unk,350,MC,.
4,14,2009,4,G,1,3798098,348265,G,2,1.8,1.73,8.8,coyote,351,MC,24
4,14,2009,4,G,2,3798633,348684,G,2,1.45,1.36,4,MC,352,coyote,48
4,14,2009,4,G,3,3798866,348857,G,2,.,.,.,unk,353,coyote,.
4,14,2009,4,G,4,3799051,349000,G,2,.,.,.,unk,354,MC,.
4,14,2009,4,H,1,3800519,350140,G,2,2.25,2.55,12.3,coyote,355,coyote,25
4,14,2009,4,H,2,3800703,350269,G,1,1.55,1.41,4.2,coyote,356,coyote,.
4,14,2009,4,H,3,3800702,350269,G,2,.,.,.,unk,357,coyote,12
4,15,2009,4,H,4,3801077,350554,G,1,1.71,1.65,5.7,coyote,358,coyote,12
4,15,2009,4,K,1,3796488,341924,S,2,2.27,1.99,7.8,coyote,359,coyote,.
4,15,2009,4,K,2,3796449,341904,S,2,.,.,.,unk,360,coyote,30
4,15,2009,4,K,3,3796447,341911,S,2,.,.,.,unk,361,coyote,30
4,15,2009,4,K,4,3796187,341859,S,2,2.5,2.34,7,MC,362,unk,.
4,15,2009,4,L,1,3793829,340283,S,2,.,.,.,unk,363,coyote,49
4,15,2009,4,L,2,3793825,340280,S,2,.,.,.,unk,364,coyote,30
4,15,2009,4,L,3,3793820,340280,S,1,.,.,.,unk,365,coyote,.
4,15,2009,4,L,4,3793572,340265,S,2,.,.,.,unk,366,coyote,44
4,15,2009,4,M,1,3793638,338198,G,2,1.73,1.67,3.4,coyote,367,coyote,45
4,15,2009,4,M,2,3793653,338149,G,2,.,.,.,unk,368,MC,14
4,15,2009,4,M,3,3793643,338018,G,2,.,.,.,unk,369,coyote,45
4,15,2009,4,M,4,3793632,337967,G,2,.,.,.,unk,370,coyote,.
4,15,2009,4,M,5,3793649,337744,G,2,.,.,.,unk,371,coyote,31
4,15,2009,4,M,6,3793650,337597,G,3,.,.,.,unk,372,coyote,50
4,15,2009,4,M,7,3793573,336682,G,2,.,.,.,unk,373,unk,.
4,16,2009,4,N,1,3792056,335886,G,2,.,.,.,unk,374,coyote,32
4,16,2009,4,N,2,3792006,335865,G,2,1.98,1.9,8.2,coyote,375,coyote,.
4,16,2009,4,N,3,3791629,335708,G,2,.,.,.,unk,376,coyote,32
4,16,2009,4,O,1,3788918,334648,S,2,.,.,.,unk,377,coyote,.
4,16,2009,4,O,2,3788507,334494,S,2,.,.,.,unk,378,coyote,51
4,16,2009,4,O,3,3788444,334469,S,2,.,.,.,unk,379,coyote,.
4,16,2009,4,O,4,3788405,334450,S,2,1.63,1.84,8.2,coyote,380,coyote,.
4,16,2009,4,O,5,3788399,334448,S,1,1.87,1.94,5.3,coyote,381,coyote,32
4,16,2009,4,O,6,3787919,334427,S,2,2.69,2.25,7.9,coyote,382,coyote,52
4,16,2009,4,O,7,3787859,334434,S,2,1.27,1.17,4.8,coyote,383,coyote,.
4,16,2009,4,P,1,3788195,336924,S,2,2.49,2.29,11.9,coyote,384,coyote,53
4,16,2009,4,P,2,3788979,337302,S,2,.,.,.,unk,385,coyote,54
4,16,2009,4,Q,1,3790245,338814,S,1,.,.,.,unk,386,MC,.
4,16,2009,4,Q,2,3790308,338867,S,2,.,.,.,unk,387,coyote,55
4,16,2009,4,Q,3,3790308,338877,S,2,.,.,.,unk,388,coyote,55
4,16,2009,4,Q,4,3790550,339069,S,2,.,.,.,unk,389,unk,.
4,16,2009,4,Q,5,3790987,339450,S,2,.,.,.,unk,390,unk,.
4,16,2009,4,Q,6,3790995,339459,S,2,1.83,1.62,6.7,coyote,391,coyote,33
4,16,2009,4,Q,7,3791006,339464,S,2,1.9,1.96,5.8,coyote,392,unk,.
4,16,2009,4,Q,8,3791052,339491,S,1,.,.,.,unk,393,coyote,55
4,16,2009,4,Q,9,3791370,339677,S,2,2.04,2.25,4.6,coyote,394,coyote,55
4,17,2009,4,I,1,3803439,349946,G,2,.,.,.,unk,395,coyote,.
4,17,2009,4,I,2,3803685,349788,G,3,1.67,1.17,7,coyote,396,coyote,56
4,17,2009,4,I,3,3804227,349441,G,2,2,1.66,4.3,coyote,397,coyote,27
4,17,2009,4,I,4,3804468,349298,G,2,1.69,1.66,4.8,coyote,398,coyote,57
4,17,2009,4,I,5,3804464,349305,G,2,.,.,.,unk,399,coyote,27
4,17,2009,4,I,6,3804461,349305,G,2,.,.,.,unk,400,coyote,.
4,17,2009,4,J,1,3805987,348340,G,2,1.63,1.75,7.3,coyote,401,coyote,.
4,17,2009,4,J,2,3806049,348303,G,2,1.91,1.89,5.6,coyote,402,coyote,1
4,17,2009,4,J,3,3806053,348299,G,1,1.37,1.11,4.5,coyote,403,unk,.
4,17,2009,4,J,4,3806053,348293,G,2,2.43,2.54,11.1,MC,404,coyote,6
4,17,2009,4,J,5,3806064,348291,G,2,2.4,2.21,4,MC,405,coyote,6
4,20,2009,4,J,6,3806109,348264,G,2,2.01,1.82,4,coyote,406,coyote,6
4,20,2009,4,J,7,3806285,348148,G,2,1.4,1.41,4.3,coyote,407,coyote,1
4,20,2009,4,J,8,3806284,348148,G,1,.,.,.,unk,408,MC,1
4,20,2009,4,J,9,3806377,348079,G,1,.,.,.,unk,409,coyote,.
4,20,2009,4,J,10,3806372,348089,G,1,1.65,1.64,7,coyote,410,unk,.
4,20,2009,4,J,11,3806371,348088,G,2,.,.,.,unk,411,coyote,.
4,20,2009,4,J,12,3806376,348088,G,2,.,.,.,unk,412,coyote,.
4,20,2009,4,J,13,3806492,348022,G,1,.,.,.,unk,413,unk,.
4,20,2009,4,J,14,3806487,348015,G,2,1.69,1.69,7,MC,414,coyote,1
4,20,2009,4,J,15,3806633,347925,G,2,2.57,2.55,11.7,coyote,415,coyote,13
4,20,2009,4,J,16,3806631,347927,G,2,2.68,2.54,10.3,MC,416,MC,28
4,20,2009,4,J,17,3806663,347901,G,2,2.15,2.17,10.7,coyote,417,coyote,1
4,20,2009,4,J,18,3806989,347694,G,2,1.77,1.71,5.8,coyote,418,coyote,46
4,20,2009,4,J,19,3806992,347693,G,1,2.39,2.28,8.4,coyote,419,unk,.
4,20,2009,4,J,20,3807005,347686,G,2,1.66,1.56,6.9,coyote,420,coyote,.
4,20,2009,4,R,1,3795881,324936,S,2,.,.,.,unk,421,coyote,.
4,20,2009,4,R,2,3796000,324824,S,2,1.48,1.52,4.1,coyote,422,coyote,35
4,20,2009,4,R,3,3795988,324759,S,2,1.41,1.42,8,coyote,423,coyote,58
4,20,2009,4,R,4,3796052,324547,S,2,2.22,2.16,4.6,MC,424,MC,.
4,20,2009,4,R,5,3796251,324014,S,2,.,.,.,unk,425,coyote,59
4,20,2009,4,R,6,3796273,323959,S,2,.,.,.,unk,426,coyote,.
4,20,2009,4,R,7,3796340,323791,S,2,1.24,1.26,4,coyote,427,MC,60
4,20,2009,4,S,1,3795180,323019,S,2,1.12,1.14,4.9,coyote,428,coyote,61
4,20,2009,4,S,2,3795067,323018,S,2,2.6,2.27,9.2,coyote,429,coyote,36
4,20,2009,4,S,3,3794855,323010,S,2,1.62,2.02,7.3,coyote,430,coyote,61
4,20,2009,4,S,4,3794836,323016,S,2,.,.,.,unk,431,unk,.
4,20,2009,4,S,5,3794705,322938,S,2,1.94,1.64,5,coyote,432,coyote,38
4,20,2009,4,S,6,3794634,322919,S,2,.,.,.,unk,433,MC,.
4,21,2009,4,T,1,3792201,322603,S,2,2.02,1.91,10.8,coyote,434,coyote,37
4,21,2009,4,T,2,3791868,322593,S,2,2.17,2.07,9.3,MC,435,MC,.
4,21,2009,4,T,3,3791360,322586,S,2,.,.,.,unk,436,coyote,37
4,21,2009,4,T,4,3791298,322580,S,2,1.97,1.76,3.1,coyote,437,unk,.
4,21,2009,4,T,5,3791272,322580,S,2,.,.,.,unk,438,unk,.
4,21,2009,4,T,6,3791276,322583,S,2,.,.,.,unk,439,coyote,.
4,21,2009,4,U,1,3809020,325661,G,3,1.47,1.27,9,coyote,440,coyote,62
4,21,2009,4,U,2,3808999,325646,G,3,.,.,.,unk,441,coyote,63
4,21,2009,4,U,3,3808805,324907,G,2,1.8,1.72,5.3,coyote,442,coyote,63
4,21,2009,4,U,4,3808756,324731,G,2,.,.,.,unk,443,coyote,64
4,21,2009,4,U,5,3808748,324688,G,2,.,.,.,unk,444,coyote,63
4,21,2009,4,V,1,3805975,325576,G,2,2.16,2.19,12.8,coyote,445,coyote,.
4,21,2009,4,V,2,3805681,325496,G,2,1.81,2.05,3.9,coyote,446,unk,.
4,22,2009,5,A,1,3806355,345694,G,2,1.81,2.19,17.7,coyote,447,coyote,2
4,22,2009,5,A,2,3806341,345696,G,2,1.53,1.42,9.5,coyote,448,coyote,2
4,22,2009,5,A,3,3806261,345686,G,2,2.31,2.36,7.9,MC,449,coyote,.
4,22,2009,5,A,4,3805874,345682,G,2,1.32,1.33,12.7,coyote,450,coyote,3
4,22,2009,5,A,5,3805721,345680,G,2,1.8,1.79,5.3,coyote,451,unk,.
4,22,2009,5,A,6,3805637,345683,G,1,.,.,.,unk,452,coyote,46
4,22,2009,5,A,7,3805488,345675,G,3,2.39,2.5,8.9,coyote,453,coyote,3
4,22,2009,5,A,8,3805295,345677,G,3,1.76,2.07,5,coyote,454,unk,.
4,22,2009,5,B,1,3803347,344822,G,2,.,.,.,unk,455,coyote,3
4,22,2009,5,B,2,3803141,344719,G,2,.,.,.,unk,456,coyote,11
4,22,2009,5,B,3,3802884,344609,G,2,1.81,1.73,5.5,coyote,457,coyote,29
4,22,2009,5,B,4,3802872,344606,G,2,1.26,1.07,6.5,MC,458,coyote,3
4,22,2009,5,D,1,3800062,341775,S,2,1.75,2.04,7.6,coyote,459,coyote,40
4,22,2009,5,D,2,3800166,341578,S,2,.,.,.,unk,460,coyote,.
4,22,2009,5,D,3,3800176,341565,S,1,.,.,.,unk,461,coyote,19
4,22,2009,5,D,4,3800567,340890,S,2,2.14,2.11,5.7,coyote,462,unk,.
4,22,2009,5,D,5,3800647,340744,S,2,2.11,1.86,5.7,MC,463,coyote,41
4,22,2009,5,D,6,3800746,340500,S,2,1.86,1.55,6.5,coyote,464,coyote,19
4,22,2009,5,C,1,3799301,343194,S,2,.,.,.,unk,465,coyote,.
4,22,2009,5,C,2,3799194,343352,S,2,1.2,1.37,4,coyote,466,unk,.
4,22,2009,5,C,3,3799190,343357,S,2,2.28,2.5,6.6,coyote,467,coyote,15
4,22,2009,5,C,4,3799185,343365,S,2,.,.,.,unk,468,coyote,15
4,23,2009,5,C,5,3799029,343421,S,1,.,.,.,unk,469,coyote,11
4,23,2009,5,C,6,3799001,343449,S,2,.,.,.,unk,470,MC,.
4,23,2009,5,C,7,3798987,343459,S,2,2.2,2.2,4.5,coyote,471,unk,.
4,23,2009,5,C,8,3798925,343489,S,2,2.56,2.19,6.5,coyote,472,coyote,40
4,23,2009,5,C,9,3798925,343491,S,1,.,.,.,unk,473,coyote,7
4,23,2009,5,C,10,3798884,343514,S,2,.,.,.,unk,474,coyote,.
4,23,2009,5,C,11,3798873,343518,S,2,1.83,1.69,5.7,coyote,475,coyote,43
4,23,2009,5,C,12,3798874,343520,S,2,.,.,.,unk,476,coyote,11
4,23,2009,5,C,13,3798868,343524,S,2,.,.,.,unk,477,coyote,11
4,23,2009,5,C,14,3798604,343674,S,1,.,.,.,unk,478,coyote,15
4,23,2009,5,C,15,3798564,343705,S,1,1.81,1.47,4.7,coyote,479,coyote,43
4,23,2009,5,C,16,3798491,343747,S,2,.,.,.,unk,480,unk,.
4,23,2009,5,C,17,3798455,343768,S,2,.,.,.,unk,481,coyote,15
4,23,2009,5,E,1,3795287,345202,G,2,.,.,.,unk,482,coyote,.
4,23,2009,5,E,2,3795284,345202,G,2,2.01,1.85,8.6,coyote,483,coyote,16
4,23,2009,5,E,3,3795288,345204,G,2,1.64,1.89,4,MC,484,coyote,16
4,23,2009,5,F,1,3795580,346845,G,2,1.81,2.02,7.3,coyote,485,coyote,22
4,23,2009,5,F,2,3795667,346892,G,2,.,.,.,unk,486,coyote,.
4,23,2009,5,F,3,3796184,347125,G,2,1.95,2,8.5,coyote,487,coyote,23
4,23,2009,5,F,4,3796282,347170,G,1,.,.,.,unk,488,coyote,.
4,23,2009,5,F,5,3796427,347248,G,2,1.99,2,4.5,coyote,489,coyote,23
4,23,2009,5,F,6,3796425,347245,G,1,1.92,1.86,5,coyote,490,coyote,21
4,23,2009,5,F,7,3796582,347308,G,2,1.78,1.66,5.1,coyote,491,coyote,23
4,23,2009,5,F,8,3796583,347310,G,2,1.78,2.22,10,coyote,492,coyote,.
4,23,2009,5,G,1,3798112,348281,G,2,2.11,1.99,6.2,coyote,493,coyote,25
4,23,2009,5,G,2,3798661,348703,G,2,2.29,2.45,5,MC,494,coyote,25
4,24,2009,5,H,1,3800702,350274,G,2,1.44,1.13,4.5,coyote,495,coyote,24
4,24,2009,5,H,2,3800975,350469,G,2,1.83,1.78,17.8,coyote,496,coyote,25
4,24,2009,5,H,3,3800975,350477,G,2,2.09,2.01,5.4,coyote,497,coyote,26
4,24,2009,5,H,4,3801025,350520,G,2,1.49,1.47,11,coyote,498,coyote,24
4,24,2009,5,H,5,3801024,350519,G,2,1.48,1.61,8.5,coyote,499,MC,24
4,24,2009,5,H,6,3801541,350899,G,2,.,.,.,unk,500,coyote,56
4,24,2009,5,H,7,3801591,350937,G,2,.,.,.,unk,501,coyote,57
4,24,2009,5,K,1,3796636,341980,S,2,.,.,.,unk,502,coyote,30
4,24,2009,5,K,2,3796233,341885,S,2,1.5,1.46,5,coyote,503,coyote,49
4,24,2009,5,L,1,3793893,340288,S,2,.,.,.,unk,504,coyote,44
4,28,2009,5,M,1,3793645,338080,G,2,.,.,.,unk,505,coyote,50
4,28,2009,5,M,2,3793644,337931,G,2,.,.,.,unk,506,MC,14
4,28,2009,5,M,3,3793646,337897,G,2,.,.,.,unk,507,MC,14
4,28,2009,5,M,4,3793643,337891,G,2,.,.,.,unk,508,coyote,50
4,28,2009,5,M,5,3793640,337893,G,2,.,.,.,unk,509,coyote,.
4,28,2009,5,M,6,3793639,337879,G,2,.,.,.,unk,510,coyote,.
4,28,2009,5,M,7,3793637,337833,G,2,.,.,.,unk,511,MC,.
4,28,2009,5,M,8,3793645,337791,G,2,1.76,1.7,10,coyote,512,coyote,.
4,28,2009,5,M,9,3793649,337760,G,1,.,.,.,unk,513,coyote,.
4,28,2009,5,M,10,3793655,337435,G,3,2.23,2.68,10.8,MC,514,coyote,31
4,28,2009,5,N,1,3792004,335861,G,2,1.43,1.17,4.3,coyote,515,coyote,32
4,28,2009,5,N,2,3791984,335848,G,1,.,.,.,unk,516,coyote,53
4,28,2009,5,N,3,3791907,335820,G,2,.,.,.,unk,517,coyote,10
4,28,2009,5,N,4,3791851,335798,G,2,.,.,.,unk,518,coyote,32
4,28,2009,5,N,5,3791804,335774,G,2,.,.,.,unk,519,coyote,32
4,28,2009,5,N,6,3791476,335656,G,2,1.85,1.82,5.6,coyote,520,MC,.
4,28,2009,5,N,7,3791218,335574,G,2,.,.,.,unk,521,coyote,10
4,28,2009,5,N,8,3791171,335544,G,2,.,.,.,unk,522,MC,32
4,29,2009,5,O,1,3788680,334559,S,2,2.13,2,4.7,MC,523,unk,.
4,29,2009,5,O,2,3788678,334559,S,2,1.92,2.07,4.5,coyote,524,coyote,32
4,29,2009,5,O,3,3788674,334556,S,2,1.88,1.5,5.9,coyote,525,coyote,32
4,29,2009,5,O,4,3788676,334555,S,2,1.44,1.47,4.1,MC,526,unk,.
4,29,2009,5,O,5,3788629,334537,S,2,2.06,1.97,10,coyote,527,unk,.
4,29,2009,5,O,6,3788623,334536,S,2,1.59,1.92,10.5,coyote,528,coyote,10
4,29,2009,5,O,7,3788587,334523,S,2,.,.,.,unk,529,coyote,32
4,29,2009,5,O,8,3788553,334511,S,2,1.8,1.87,8.5,coyote,530,coyote,65
4,29,2009,5,O,9,3788553,334511,S,2,2.53,2.4,6.3,coyote,531,unk,.
4,29,2009,5,O,10,3788436,334464,S,2,1.64,1.38,6.1,coyote,532,coyote,65
4,29,2009,5,O,11,3788426,334456,S,2,1.53,1.5,5.7,coyote,533,unk,.
4,29,2009,5,O,12,3788415,334452,S,1,2.03,2.43,9.5,coyote,534,coyote,18
4,29,2009,5,O,13,3788027,334408,S,2,2.25,2.43,9.6,coyote,535,coyote,52
4,29,2009,5,O,14,3788002,334413,S,2,1.84,1.59,6.6,coyote,536,coyote,.
4,29,2009,5,O,15,3787861,334435,S,2,.,.,.,unk,537,MC,66
4,29,2009,5,O,16,3787852,334434,S,2,1.59,1.32,4.5,coyote,538,unk,.
4,29,2009,5,Q,1,3790120,338689,S,2,.,.,.,unk,539,unk,.
4,29,2009,5,Q,2,3790304,338862,S,2,1.79,1.65,3.8,MC,540,coyote,.
4,29,2009,5,Q,3,3790339,338880,S,1,.,.,.,unk,541,coyote,32
4,29,2009,5,Q,4,3790345,338893,S,2,.,.,.,unk,542,MC,55
4,29,2009,5,Q,5,3790730,339222,S,2,1.73,1.2,6.5,coyote,543,coyote,33
4,29,2009,5,Q,6,3791367,339658,S,2,.,.,.,unk,544,coyote,33
4,29,2009,5,Q,7,3791382,339675,S,2,.,.,.,unk,545,MC,55
5,5,2009,5,I,1,3803196,350094,G,2,1,0.97,8.6,coyote,546,coyote,57
5,5,2009,5,I,2,3803285,350049,G,1,.,.,.,unk,547,MC,56
5,5,2009,5,I,3,3803288,350042,G,2,2.89,2.82,5.4,coyote,548,coyote,57
5,5,2009,5,I,4,3803511,349898,G,1,.,.,.,unk,549,MC,.
5,5,2009,5,I,5,3803734,349754,G,2,.,.,.,unk,550,coyote,57
5,5,2009,5,I,6,3803747,349756,G,2,1.5,1.3,11,coyote,551,coyote,57
5,5,2009,5,I,7,3803747,349755,G,2,1.71,1.7,4.9,coyote,552,MC,.
5,5,2009,5,I,8,3803880,349668,G,2,.,.,.,unk,553,coyote,57
5,5,2009,5,I,9,3804110,349523,G,2,1.47,1.59,8.7,coyote,554,coyote,57
5,5,2009,5,I,10,3804114,349514,G,2,1.8,1.9,5.3,coyote,555,coyote,57
5,5,2009,5,I,11,3804147,349503,G,2,2.08,1.9,7.2,coyote,556,coyote,57
5,5,2009,5,I,12,3804149,349502,G,2,2.53,2.55,5.6,coyote,557,MC,.
5,5,2009,5,I,13,3804161,349501,G,2,.,.,.,unk,558,coyote,57
5,5,2009,5,I,14,3804155,349497,G,2,1.87,1.8,6.5,coyote,559,coyote,57
5,5,2009,5,I,15,3804156,349497,G,2,1.78,1.69,3.9,coyote,560,coyote,56
5,5,2009,5,I,16,3804157,349497,G,2,.,.,.,unk,561,coyote,56
5,5,2009,5,I,17,3804168,349490,G,2,2.2,1.88,13.4,coyote,562,coyote,57
5,5,2009,5,I,18,3804224,349443,G,2,1.58,1.4,4.3,coyote,563,coyote,57
5,5,2009,5,I,19,3804318,349394,G,2,1.62,1.6,4.6,coyote,564,coyote,56
5,5,2009,5,I,20,3804427,349325,G,2,1.56,1.48,6.5,coyote,565,coyote,56
5,5,2009,5,I,21,3804462,349302,G,2,1.81,1.66,6.3,MC,566,coyote,57
5,5,2009,5,I,22,3804469,349293,G,2,2.55,2.56,13.7,coyote,567,coyote,57
5,6,2009,5,J,1,3806042,348308,G,2,.,.,.,unk,568,unk,.
5,6,2009,5,J,2,3806050,348302,G,2,.,.,.,unk,569,coyote,27
5,6,2009,5,J,3,3806058,348301,G,2,2.23,2.24,4.5,coyote,570,coyote,6
5,6,2009,5,J,4,3806055,348298,G,2,1.45,1.39,7,coyote,571,MC,1
5,6,2009,5,J,5,3806098,348265,G,2,2.11,2.18,12.7,coyote,572,coyote,.
5,6,2009,5,J,6,3806114,348266,G,2,1.99,1.9,4,coyote,573,coyote,67
5,6,2009,5,J,7,3806097,348275,G,2,2.12,2.07,7.9,coyote,574,coyote,.
5,6,2009,5,J,8,3806339,348114,G,2,2.15,2.04,3.7,coyote,575,coyote,6
5,6,2009,5,J,9,3806538,347990,G,2,1.76,1.7,5.9,coyote,576,coyote,27
5,6,2009,5,R,1,3795997,324688,S,2,.,.,.,unk,577,coyote,35
5,6,2009,5,R,2,3796037,324593,S,2,.,.,.,unk,578,coyote,.
5,6,2009,5,R,3,3796122,324384,S,2,.,.,.,unk,579,coyote,68
5,6,2009,5,R,4,3796166,324254,S,2,2.13,2.11,6,coyote,580,unk,.
5,6,2009,5,R,5,3796290,323932,S,2,.,.,.,unk,581,coyote,.
5,6,2009,5,R,6,3796349,323756,S,2,1.36,1.4,5.1,coyote,582,unk,.
5,6,2009,5,R,7,3796359,323722,S,2,.,.,.,unk,583,coyote,.
5,6,2009,5,R,8,3796367,323719,S,2,1.44,1.33,2.6,coyote,584,MC,60
5,6,2009,5,R,9,3796373,323700,S,2,.,.,.,unk,585,coyote,.
5,6,2009,5,R,10,3796376,323701,S,2,.,.,.,unk,586,unk,.
5,6,2009,5,R,11,3796372,323697,S,1,1.25,1.16,3.8,coyote,587,unk,.
5,7,2009,5,S,1,3795635,323031,S,2,.,.,.,unk,588,coyote,.
5,7,2009,5,S,2,3795397,323020,S,2,1.78,1.77,9.5,coyote,589,coyote,38
5,7,2009,5,S,3,3794979,323016,S,3,.,.,.,unk,590,coyote,69
5,7,2009,5,S,4,3794964,323017,S,2,1.54,1.35,3.4,coyote,591,coyote,59
5,7,2009,5,S,5,3794949,323009,S,2,2.65,2.9,5.5,MC,592,coyote,70
5,7,2009,5,S,6,3794837,323014,S,2,2.39,2.03,15.7,coyote,593,coyote,38
5,7,2009,5,S,7,3794703,322927,S,1,.,.,.,unk,594,coyote,.
5,7,2009,5,S,8,3794540,322973,S,2,.,.,.,unk,595,coyote,38
5,7,2009,5,S,9,3794366,322982,S,2,.,.,.,unk,596,coyote,34
5,7,2009,5,S,10,3794233,322957,S,2,.,.,.,unk,597,MC,.
5,7,2009,5,T,1,3791969,322596,S,2,.,.,.,unk,598,coyote,35
5,7,2009,5,T,2,3791862,322590,S,2,.,.,.,unk,599,coyote,36
5,7,2009,5,T,3,3791623,322588,S,2,.,.,.,unk,600,coyote,37
5,7,2009,5,T,4,3791467,322582,S,2,1.42,1.72,4.7,coyote,601,coyote,35
5,7,2009,5,T,5,3791263,322580,S,1,.,.,.,unk,602,coyote,36
5,7,2009,5,T,6,3791222,322574,S,2,1.33,1.21,6.2,coyote,603,unk,.
5,8,2009,5,V,1,3804817,325316,G,1,.,.,.,unk,604,MC,.
5,8,2009,5,V,2,3804696,325299,G,2,.,.,.,unk,605,MC,71
5,8,2009,5,V,3,3804599,325284,G,2,.,.,.,unk,606,unk,.
5,8,2009,5,U,1,3808872,325102,G,2,1.13,1.23,4.3,coyote,607,unk,.
5,8,2009,5,U,2,3808764,324763,G,2,.,.,.,unk,608,unk,.
5,8,2009,5,U,3,3808756,324724,G,2,.,.,.,unk,609,coyote,.
5,8,2009,5,U,4,3808759,324724,G,1,.,.,.,unk,610,coyote,62
7,6,2009,6,A,1,3806328,345686,G,1,.,.,.,unk,611,coyote,.
7,6,2009,6,A,2,3806281,345692,G,3,1.2,1.24,10.7,coyote,612,coyote,46
7,6,2009,6,D,1,3800081,341732,S,2,2.05,2.08,4.9,coyote,613,unk,.
7,6,2009,6,D,2,3800088,341732,S,2,2.21,2.02,11.4,MC,614,MC,72
7,6,2009,6,D,3,3800142,341616,S,2,2.61,2.67,3.8,MC,615,coyote,73
7,6,2009,6,D,4,3800260,341411,S,2,.,.,.,unk,616,coyote,43
7,6,2009,6,D,5,3800260,341397,S,2,.,.,.,unk,617,unk,.
7,7,2009,6,C,1,3798935,343496,S,1,.,.,.,unk,618,coyote,.
7,7,2009,6,C,2,3798592,343685,S,3,1.45,1.69,5,coyote,619,coyote,73
7,7,2009,6,C,3,3798584,343687,S,2,2.71,2.48,11.5,MC,620,coyote,15
7,7,2009,6,C,4,3798563,343704,S,2,2.32,2.27,7.3,coyote,621,coyote,43
7,7,2009,6,C,5,3798440,343775,S,2,1.46,1.19,5.3,coyote,622,coyote,11
7,7,2009,6,C,6,3798442,343775,S,2,2.95,3.23,15.4,MC,623,MC,.
7,7,2009,6,C,7,3798443,343774,S,2,2.05,2.41,7.4,coyote,624,coyote,15
7,7,2009,6,C,8,3798447,343792,S,2,.,.,.,unk,625,unk,.
7,7,2009,6,F,1,3795316,346732,G,2,1.69,1.64,12.1,coyote,626,coyote,16
7,7,2009,6,F,2,3796288,347177,G,2,2.05,1.86,4.3,coyote,627,coyote,.
7,7,2009,6,F,3,3796571,347304,G,1,1.39,1.58,10.5,coyote,628,coyote,23
7,7,2009,6,G,1,3798102,348277,G,1,2,1.93,5.3,MC,629,coyote,25
7,7,2009,6,G,2,3799131,349074,G,2,1.45,1.26,11.7,MC,630,MC,.
7,8,2009,6,H,1,3801354,350763,G,2,.,.,.,unk,631,coyote,57
7,8,2009,6,I,1,3804162,349496,G,2,2.58,2.6,11,coyote,632,coyote,57
7,8,2009,6,I,2,3804212,349455,G,2,2.25,2.19,4.8,MC,633,unk,.
7,8,2009,6,J,1,3805954,348365,G,2,.,.,.,unk,634,MC,.
7,8,2009,6,J,2,3806307,348137,G,2,.,.,.,unk,635,MC,.
7,8,2009,6,J,3,3806602,347946,G,2,1.42,1.24,3.4,MC,636,NC,.
7,13,2009,6,M,1,3793650,338110,G,2,.,.,.,unk,637,coyote,.
7,13,2009,6,M,2,3793646,338086,G,2,1.58,1.25,5,MC,638,MC,.
7,13,2009,6,M,3,3793645,338084,G,2,.,.,.,unk,639,MC,.
7,13,2009,6,M,4,3793644,338031,G,2,2.28,2.18,13,MC,640,coyote,.
7,13,2009,6,M,5,3793643,337935,G,2,.,.,.,unk,641,MC,14
7,13,2009,6,M,6,3793649,337834,G,2,.,.,.,unk,642,coyote,.
7,13,2009,6,M,7,3793648,337795,G,2,2.39,2.42,10.9,coyote,643,coyote,50
7,13,2009,6,M,8,3793657,337762,G,1,.,.,.,unk,644,unk,.
7,13,2009,6,M,9,3793654,337761,G,2,.,.,.,unk,645,unk,.
7,13,2009,6,M,10,3793652,337719,G,1,1.9,2.01,5.9,coyote,646,coyote,31
7,13,2009,6,M,11,3793660,337407,G,2,2.02,1.77,7.1,coyote,647,coyote,.
7,13,2009,6,M,12,3793679,337146,G,2,2.09,2.19,8.1,coyote,648,coyote,31
7,13,2009,6,M,13,3793686,337096,G,2,.,.,.,unk,649,MC,.
7,13,2009,6,N,1,3791816,335773,G,2,.,.,.,unk,650,coyote,.
7,13,2009,6,N,2,3791002,335486,G,2,2.79,2.61,14.9,coyote,651,coyote,18
7,14,2009,6,O,1,3789194,334751,S,2,1.8,1.69,12.1,coyote,652,coyote,51
7,14,2009,6,O,2,3788680,334555,S,2,1.78,1.96,4.2,coyote,653,coyote,.
7,14,2009,6,O,3,3788677,334556,S,1,1.78,1.88,4.8,coyote,654,coyote,.
7,14,2009,6,O,4,3788620,334537,S,2,1.82,1.97,4.9,coyote,655,coyote,.
7,14,2009,6,O,5,3788596,334520,S,1,1.07,1.19,2.9,MC,656,coyote,.
7,14,2009,6,O,6,3788353,334428,S,2,2.3,2.18,4.8,MC,657,coyote,65
7,14,2009,6,O,7,3788353,334424,S,1,.,.,.,unk,658,coyote,.
7,14,2009,6,O,8,3788045,334405,S,2,1.44,1.3,5.2,MC,659,coyote,65
7,14,2009,6,O,9,3787883,334427,S,2,1.54,1.59,10.1,coyote,660,coyote,52
7,14,2009,6,P,1,3788086,336877,S,2,1.75,1.79,3,MC,661,coyote,.
7,14,2009,6,P,2,3788090,336877,S,2,.,.,.,unk,662,unk,.
7,14,2009,6,P,3,3788142,336900,S,1,.,.,.,unk,663,unk,.
7,14,2009,6,P,4,3788512,337071,S,1,1.67,1.52,3.8,MC,664,MC,.
7,14,2009,6,P,5,3788863,337245,S,2,2.01,2.12,9.8,coyote,665,coyote,.
7,15,2009,6,Q,1,3790137,338712,S,1,1.48,1.51,6.4,MC,666,MC,55
7,15,2009,6,Q,2,3790313,338868,S,2,1.3,1.48,7.2,coyote,667,unk,.
7,15,2009,6,Q,3,3790332,338885,S,2,2.27,2.45,9.1,coyote,668,unk,.
7,15,2009,6,Q,4,3790556,339078,S,1,.,.,.,unk,669,unk,.
7,15,2009,6,R,1,3795882,324970,S,1,.,.,.,unk,670,coyote,37
7,15,2009,6,R,2,3796078,324484,S,2,2.64,2.45,4.5,MC,671,coyote,35
7,15,2009,6,R,3,3796092,324438,S,2,1.01,1.16,5,coyote,672,coyote,.
7,15,2009,6,R,4,3796134,324340,S,2,.,.,.,unk,673,coyote,35
7,15,2009,6,R,5,3796205,324140,S,2,1.9,1.69,7,MC,674,unk,.
7,15,2009,6,R,6,3796243,324037,S,2,2.01,1.34,5.4,coyote,675,coyote,.
7,15,2009,6,R,7,3796253,324009,S,2,1.83,1.75,4.3,coyote,676,coyote,35
7,15,2009,6,R,8,3796320,323825,S,2,.,.,.,unk,677,coyote,.
7,15,2009,6,R,9,3796342,323789,S,1,1.32,1.45,3.5,coyote,678,unk,.
7,16,2009,6,S,1,3795660,323027,S,2,2.67,2.39,5.5,coyote,679,coyote,74
7,16,2009,6,S,2,3795174,323014,S,2,.,.,.,unk,680,coyote,.
7,16,2009,6,S,3,3795164,323011,S,2,.,.,.,unk,681,coyote,75
7,16,2009,6,S,4,3795109,323017,S,2,.,.,.,unk,682,coyote,.
7,16,2009,6,S,5,3794434,323001,S,2,.,.,.,unk,683,coyote,35
7,16,2009,6,T,1,3792041,322602,S,1,.,.,.,unk,684,MC,.
7,16,2009,6,T,2,3791649,322588,S,2,.,.,.,unk,685,coyote,.
7,16,2009,6,T,3,3791507,322588,S,2,.,.,.,unk,686,coyote,36
7,16,2009,6,T,4,3791298,322580,S,1,.,.,.,unk,687,unk,.
7,16,2009,6,T,5,3791298,322580,S,1,.,.,.,unk,688,unk,.
7,16,2009,6,T,6,3791184,322596,S,2,.,.,.,unk,689,coyote,36
7,16,2009,6,T,7,3791184,322596,S,1,1.14,1.16,5.4,coyote,690,unk,.
7,17,2009,6,V,1,3804849,325323,G,2,2.06,1.97,5.6,coyote,691,coyote,76
7,17,2009,6,V,2,3804574,325280,G,2,1.71,1.78,5.1,coyote,692,unk,.
7,20,2009,7,A,1,3806676,345700,G,2,1.93,1.71,7.1,coyote,693,coyote,1
7,20,2009,7,A,2,3806336,345694,G,1,.,.,.,unk,694,MC,.
7,20,2009,7,A,3,3806249,345668,G,2,.,.,.,unk,695,coyote,46
7,20,2009,7,A,4,3805929,345689,G,2,1.22,0.82,3.5,coyote,696,unk,.
7,20,2009,7,A,5,3805277,345670,G,2,.,.,.,unk,697,unk,.
7,20,2009,7,B,1,3803404,344842,G,2,2.4,2.41,7.5,coyote,698,unk,.
7,20,2009,7,B,2,3803099,344713,G,2,.,.,.,unk,699,coyote,.
7,20,2009,7,D,1,3800067,341761,S,2,.,.,.,unk,700,coyote,73
7,20,2009,7,D,2,3800093,341721,S,2,.,.,.,unk,701,unk,.
7,20,2009,7,D,3,3800181,341559,S,2,.,.,.,unk,702,coyote,.
7,20,2009,7,D,4,3800407,341144,S,2,2.34,2.21,5.3,MC,703,MC,.
7,20,2009,7,D,5,3800708,340595,S,2,.,.,.,unk,704,MC,.
7,21,2009,7,C,1,3799009,343448,S,1,1.72,1.67,4.2,MC,705,coyote,40
7,21,2009,7,C,2,3798880,343517,S,2,1.81,1.74,5.5,coyote,706,coyote,11
7,21,2009,7,C,3,3798879,343518,S,2,2.65,2.14,8.9,coyote,707,unk,.
7,21,2009,7,C,4,3798596,343683,S,3,2,2.03,4.1,coyote,708,coyote,15
7,21,2009,7,C,5,3798586,343697,S,2,2.21,2.26,6.9,coyote,709,unk,.
7,21,2009,7,C,6,3798548,343717,S,2,1.88,1.75,9.5,coyote,710,coyote,.
7,21,2009,7,C,7,3798544,343711,S,2,2.05,2.22,7.2,coyote,711,coyote,73
7,21,2009,7,C,8,3798542,343714,S,2,2.79,2.71,10.2,MC,712,coyote,73
7,21,2009,7,C,9,3798406,343793,S,2,.,.,.,unk,713,coyote,15
7,21,2009,7,C,10,3798404,343794,S,2,2.22,2.21,9.8,coyote,714,coyote,11
7,21,2009,7,C,11,3798262,343880,S,2,.,.,.,unk,715,unk,.
7,21,2009,7,C,12,3798216,343905,S,2,1.81,1.78,8.7,coyote,716,coyote,11
7,21,2009,7,E,1,3795937,344949,G,2,1.75,1.76,3.7,MC,717,unk,.
7,21,2009,7,E,2,3795345,345181,G,2,.,.,.,unk,718,MC,16
7,21,2009,7,E,3,3795265,345220,G,2,2.2,2.15,12.7,coyote,719,coyote,17
7,21,2009,7,E,4,3795225,345232,G,2,.,.,.,unk,720,coyote,16
7,22,2009,7,F,1,3796003,347050,G,2,.,.,.,unk,721,MC,17
7,22,2009,7,G,1,3798358,348470,G,2,1.81,1.9,6.7,MC,722,coyote,.
7,23,2009,7,I,1,3803738,349761,G,2,1.9,1.88,10,coyote,723,coyote,27
7,23,2009,7,I,2,3803869,349680,G,2,2.42,2.4,5.5,coyote,724,coyote,.
7,23,2009,7,I,3,3803877,349674,G,1,.,.,.,unk,725,unk,.
7,23,2009,7,I,4,3804162,349498,G,2,.,.,.,unk,726,unk,.
7,23,2009,7,I,5,3804158,349497,G,2,2.01,2.07,3.2,MC,727,coyote,.
7,23,2009,7,I,6,3804157,349495,G,2,.,.,.,unk,728,coyote,.
7,23,2009,7,I,7,3804158,349495,G,2,2.38,2.22,8.3,MC,729,coyote,57
7,23,2009,7,J,1,3806438,348051,G,2,1.49,1.35,3.6,MC,730,MC,.
7,23,2009,7,J,2,3806468,348030,G,2,2.52,2.49,4.8,MC,731,unk,.
7,23,2009,7,J,3,3806517,348003,G,2,1.77,2.13,7.7,MC,732,coyote,1
7,23,2009,7,J,4,3806808,347815,G,2,.,.,.,unk,733,NC,.
7,27,2009,7,M,1,3793656,338164,G,2,2.17,2.25,9.2,coyote,734,coyote,45
7,27,2009,7,M,2,3793647,338092,G,2,2,1.65,6.2,MC,735,coyote,45
7,27,2009,7,M,3,3793645,337944,G,2,2.37,2.24,6,coyote,736,MC,.
7,27,2009,7,M,4,3793651,337929,G,2,1.69,1.72,7.2,coyote,737,MC,.
7,27,2009,7,M,5,3793645,337923,G,2,.,.,.,unk,738,MC,14
7,27,2009,7,M,6,3793646,337878,G,3,2.19,2.03,8.8,coyote,739,MC,14
7,27,2009,7,M,7,3793646,337736,G,2,2.78,2.75,12.3,MC,740,coyote,.
7,27,2009,7,M,8,3793645,337698,G,2,.,.,.,unk,741,coyote,.
7,27,2009,7,M,9,3793646,337645,G,2,1.92,2.07,4.4,coyote,742,coyote,31
7,27,2009,7,N,1,3791600,335698,G,2,.,.,.,unk,743,NC,.
7,27,2009,7,N,2,3791479,335662,G,1,2.26,2.16,10.3,coyote,744,coyote,18
7,27,2009,7,N,3,3791231,335570,G,3,2.25,2.08,14.7,coyote,745,unk,.
7,27,2009,7,N,4,3791226,335567,G,2,2.02,2.09,8.2,coyote,746,MC,.
7,27,2009,7,N,5,3791174,335551,G,1,.,.,.,unk,747,coyote,10
7,27,2009,7,N,6,3791138,335536,G,2,2.55,2.29,9,MC,748,unk,.
7,28,2009,7,O,1,3789190,334754,S,2,1.96,1.5,4.8,MC,749,coyote,53
7,28,2009,7,O,2,3789087,334717,S,2,2.63,2.77,7.2,coyote,750,coyote,53
7,28,2009,7,O,3,3788557,334511,S,2,1.87,1.81,5.1,coyote,751,MC,32
7,28,2009,7,O,4,3788472,334480,S,2,2.44,2.51,7.7,coyote,752,coyote,65
7,28,2009,7,O,5,3788440,334469,S,3,2.55,2.59,10.6,MC,753,unk,.
7,28,2009,7,O,6,3788144,334395,S,2,2.54,2.01,12.7,MC,754,unk,.
7,28,2009,7,P,1,3788074,336866,S,2,1.91,2,11.8,MC,755,MC,77
7,28,2009,7,P,2,3788274,336967,S,2,.,.,.,unk,756,coyote,.
7,29,2009,7,Q,1,3790290,338849,S,2,.,.,.,unk,757,coyote,55
7,29,2009,7,Q,2,3790324,338879,S,2,1.33,1.51,10.5,coyote,758,MC,55
7,29,2009,7,Q,3,3790977,339442,S,2,2.08,2.42,6.2,MC,759,coyote,33
7,29,2009,7,Q,4,3791347,339671,S,2,2.23,2.32,6.2,coyote,760,MC,55
7,29,2009,7,Q,5,3791382,339685,S,3,.,.,.,unk,761,coyote,55
7,29,2009,7,R,1,3796163,324262,S,2,3.13,3.02,6.2,MC,762,coyote,.
7,30,2009,7,S,1,3795668,323029,S,2,1.69,1.53,5,coyote,763,coyote,78
7,30,2009,7,S,2,3795579,323033,S,2,1.92,1.91,4.9,coyote,764,coyote,.
7,30,2009,7,S,3,3795561,323029,S,2,2.07,2.06,4.1,coyote,765,coyote,70
7,30,2009,7,S,4,3794641,322935,S,2,.,.,.,unk,766,coyote,.
7,30,2009,7,S,5,3794326,322976,S,2,1.73,1.35,7.4,coyote,767,coyote,34
7,31,2009,7,T,1,3791905,322586,S,3,1.63,1.73,7.7,coyote,768,coyote,34
7,31,2009,7,T,2,3791635,322583,S,2,.,.,.,unk,769,coyote,37
10,13,2009,8,A,1,3806413,345694,G,2,1.9,1.73,16,coyote,770,coyote,39
10,13,2009,8,A,2,3805854,345683,G,2,1.86,1.76,5.5,coyote,771,coyote,39
10,13,2009,8,A,3,3805783,345681,G,2,1.73,1.96,7.2,coyote,772,unk,.
10,13,2009,8,A,4,3805517,345675,G,2,1.92,2.03,4.3,coyote,773,coyote,3
10,13,2009,8,B,1,3803810,345023,G,2,.,.,.,unk,774,unk,.
10,13,2009,8,B,2,3803796,345017,G,2,1.54,1.51,4.7,coyote,775,coyote,29
10,13,2009,8,B,3,3803120,344725,G,2,.,.,.,unk,776,coyote,.
10,14,2009,8,D,1,3800115,341683,S,2,2,1.82,9.4,coyote,777,coyote,43
10,14,2009,8,D,2,3800144,341623,S,2,.,.,.,unk,778,MC,5
10,14,2009,8,D,3,3800148,341618,S,2,.,.,.,unk,779,MC,5
10,14,2009,8,D,4,3800170,341573,S,2,.,.,.,unk,780,coyote,73
10,14,2009,8,D,5,3800170,341554,S,2,.,.,.,unk,781,coyote,19
10,14,2009,8,D,6,3800308,341312,S,2,.,.,.,unk,782,MC,.
10,14,2009,8,D,7,3800424,341094,S,2,.,.,.,unk,783,MC,5
10,14,2009,8,C,1,3799260,343260,S,2,.,.,.,unk,784,coyote,43
10,14,2009,8,C,2,3799219,343339,S,2,2.34,2.33,7.7,coyote,785,coyote,15
10,14,2009,8,C,3,3798981,343449,S,2,1.56,1.87,6.4,coyote,786,coyote,11
10,14,2009,8,C,4,3798863,343519,S,2,2.54,1.95,7.4,coyote,787,coyote,15
10,14,2009,8,C,5,3798280,343866,S,2,.,.,.,unk,788,coyote,15
10,14,2009,8,C,6,3798011,344027,S,2,1.8,1.74,4.3,coyote,789,unk,.
10,14,2009,8,E,1,3796554,344764,G,2,.,.,.,unk,790,unk,.
10,14,2009,8,E,2,3795516,345109,G,2,.,.,.,unk,791,coyote,17
10,14,2009,8,E,3,3795250,345204,G,3,1.82,1.95,13,coyote,792,MC,16
10,14,2009,8,E,4,3795116,345268,G,2,.,.,.,unk,793,coyote,16
10,15,2009,8,F,1,3795221,346685,G,2,1.86,1.59,5.6,coyote,794,coyote,16
10,15,2009,8,F,2,3795497,346812,G,2,2.46,2.41,4,coyote,795,coyote,23
10,15,2009,8,F,3,3796215,347148,G,2,.,.,.,unk,796,coyote,.
10,15,2009,8,G,1,3798146,348305,G,2,1.93,1.89,8.1,coyote,797,coyote,25
10,15,2009,8,G,2,3798783,348798,G,2,1.9,1.86,4.3,coyote,798,coyote,25
10,15,2009,8,H,1,3800957,350475,G,3,1.7,1.76,7.2,coyote,799,unk,.
10,15,2009,8,H,2,3801103,350581,G,2,1.18,1.27,11.3,coyote,800,unk,.
10,15,2009,8,H,3,3801108,350592,G,2,.,.,.,unk,801,coyote,25
10,17,2009,8,I,1,3803347,350000,G,2,1.27,1.48,12.7,coyote,802,coyote,57
10,17,2009,8,I,2,3803755,349749,G,2,.,.,.,unk,803,coyote,57
10,17,2009,8,I,3,3804127,349513,G,2,.,.,.,unk,804,coyote,57
10,17,2009,8,I,4,3804147,349505,G,2,.,.,.,unk,805,coyote,57
10,17,2009,8,I,5,3804221,349449,G,2,.,.,.,unk,806,MC,17
10,19,2009,8,J,1,3806286,348159,G,2,.,.,.,unk,807,unk,.
10,19,2009,8,J,2,3806376,348086,G,2,.,.,.,unk,808,coyote,27
10,19,2009,8,J,3,3806414,348069,G,2,.,.,.,unk,809,coyote,27
10,19,2009,8,J,4,3806413,348068,G,2,.,.,.,unk,810,MC,28
10,19,2009,8,J,5,3806414,348069,G,2,.,.,.,unk,811,MC,28
10,19,2009,8,J,6,3806414,348070,G,2,2.55,2.31,12.3,coyote,812,MC,28
10,19,2009,8,J,7,3806443,348048,G,1,1.9,1.79,4.3,coyote,813,coyote,.
10,19,2009,8,J,8,3806504,348004,G,2,.,.,.,unk,814,MC,.
10,19,2009,8,J,9,3806818,347809,G,2,.,.,.,unk,815,coyote,27
10,19,2009,8,K,1,3795837,341690,S,2,.,.,.,unk,816,coyote,30
10,19,2009,8,K,2,3795649,341602,S,2,2.1,2.11,5.1,coyote,817,coyote,49
10,19,2009,8,L,1,3793997,340287,S,2,.,.,.,unk,818,coyote,49
10,19,2009,8,L,2,3793776,340266,S,2,1.54,1.64,13.5,coyote,819,coyote,49
10,19,2009,8,L,3,3793759,340261,S,2,1.86,1.83,10.6,coyote,820,unk,.
10,19,2009,8,L,4,3793542,339851,S,2,1.69,1.63,5.3,coyote,821,coyote,.
10,20,2009,8,M,1,3793646,338025,G,2,2.13,2.22,6.6,MC,822,coyote,.
10,20,2009,8,M,2,3793644,337683,G,3,1.91,1.99,6.6,coyote,823,coyote,79
10,20,2009,8,M,3,3793674,337211,G,2,1.93,1.99,3.2,MC,824,coyote,31
10,20,2009,8,N,1,3792005,335862,G,2,1.83,1.97,4.1,MC,825,coyote,53
10,20,2009,8,N,2,3791746,335751,G,2,2.09,2.35,3.2,MC,826,coyote,53
10,20,2009,8,N,3,3791450,335649,G,2,.,.,.,unk,827,coyote,10
10,20,2009,8,N,4,3791024,335495,G,2,2.05,1.93,4.7,coyote,828,coyote,32
10,22,2009,8,R,1,3796023,324628,S,2,.,.,.,unk,829,coyote,35
10,22,2009,8,R,2,3796211,324122,S,3,1.67,1.57,11.8,MC,830,coyote,36
10,22,2009,8,R,3,3796327,323825,S,2,1.16,1.07,4.4,coyote,831,unk,.
10,22,2009,8,R,4,3796351,323762,S,2,1.17,1.19,2.5,coyote,832,unk,.
10,23,2009,8,S,1,3794901,323011,S,2,2.08,1.56,5.9,coyote,833,coyote,34
10,23,2009,8,S,2,3794780,323009,S,2,.,.,.,unk,834,coyote,38
10,23,2009,8,S,3,3794689,322921,S,2,1.59,1.57,15.6,coyote,835,coyote,37
10,23,2009,8,S,4,3794289,322970,S,2,1.52,1.56,5.9,coyote,836,MC,.
10,23,2009,8,T,1,3792495,322609,S,2,1.1,1.5,5.7,coyote,837,coyote,.
10,23,2009,8,T,2,3791695,322588,S,2,1.61,1.68,6.7,MC,838,MC,.
10,23,2009,8,T,3,3791529,322587,S,2,.,.,.,unk,839,coyote,37
10,23,2009,8,U,1,3808836,324994,G,2,1.23,1.42,5.8,MC,840,coyote,62
10,23,2009,8,U,2,3808766,324761,G,2,.,.,.,unk,841,coyote,.
10,24,2009,8,V,1,3805967,325570,G,1,.,.,.,unk,842,unk,.
10,24,2009,8,V,2,3805219,325392,G,2,.,.,.,unk,843,unk,.
10,24,2009,8,V,3,3805058,325357,G,2,.,.,.,unk,844,coyote,.
10,26,2009,8,O,1,3789190,334748,S,2,.,.,.,unk,845,coyote,10
10,26,2009,8,O,2,3788855,334629,S,2,.,.,.,unk,846,unk,.
10,26,2009,8,O,3,3788570,334524,S,1,2.36,2.43,5.1,MC,847,MC,32
10,26,2009,8,O,4,3788412,334462,S,2,2.25,2.12,3.6,MC,848,unk,.
10,26,2009,8,O,5,3787920,334427,S,3,2.18,2.21,12,coyote,849,coyote,32
10,26,2009,8,O,6,3787876,334436,S,3,.,.,.,unk,850,coyote,80
10,26,2009,8,P,1,3788389,337020,S,1,1.68,1.38,5.7,coyote,851,unk,.
10,26,2009,8,P,2,3788447,337051,S,2,2.07,2.16,11.5,coyote,852,unk,.
10,26,2009,8,P,3,3788455,337054,S,3,1.76,1.96,4.5,MC,853,coyote,53
10,26,2009,8,P,4,3788461,337056,S,2,.,.,.,unk,854,unk,.
10,26,2009,8,P,5,3788619,337131,S,3,1.88,1.94,4.7,coyote,855,coyote,51
10,26,2009,8,P,6,3788827,337235,S,2,.,.,.,unk,856,coyote,18
10,26,2009,8,Q,1,3790575,339093,S,2,.,.,.,unk,857,coyote,55
10,26,2009,8,Q,2,3790778,339266,S,1,2.48,2.43,7.5,MC,858,unk,.
10,26,2009,8,Q,3,3790846,339321,S,2,.,.,.,unk,859,MC,55
10,27,2009,9,A,1,3805935,345682,G,3,1.48,1.32,8.1,coyote,860,coyote,3
10,27,2009,9,A,2,3805251,345672,G,2,1.41,1.19,5.3,coyote,861,coyote,3
10,27,2009,9,B,1,3803622,344940,G,3,1.38,1.32,6.6,MC,862,coyote,29
10,27,2009,9,D,1,3800068,341761,S,2,1.52,1.26,5.5,coyote,863,coyote,43
10,27,2009,9,D,2,3800143,341621,S,2,.,.,.,unk,864,unk,.
10,27,2009,9,D,3,3800164,341585,S,3,1.89,1.94,4.8,coyote,865,coyote,73
10,27,2009,9,D,4,3800172,341555,S,1,.,.,.,unk,866,unk,.
10,27,2009,9,D,5,3800177,341551,S,2,.,.,.,unk,867,coyote,43
10,27,2009,9,D,6,3800200,341508,S,2,.,.,.,unk,868,coyote,.
10,27,2009,9,D,7,3800251,341415,S,2,.,.,.,unk,869,unk,.
10,27,2009,9,D,8,3800258,341412,S,2,.,.,.,unk,870,coyote,81
10,27,2009,9,D,9,3800259,341413,S,2,.,.,.,unk,871,coyote,41
10,27,2009,9,D,10,3800517,340971,S,2,1.87,1.68,3.8,coyote,872,unk,.
10,28,2009,9,C,1,3799302,343225,S,2,.,.,.,unk,873,coyote,43
10,28,2009,9,C,2,3799201,343346,S,2,1.81,1.76,4.7,MC,874,coyote,43
10,28,2009,9,C,3,3799022,343436,S,2,1.41,1.66,6.4,coyote,875,coyote,43
10,28,2009,9,C,4,3798981,343459,S,2,.,.,.,unk,876,MC,72
10,28,2009,9,C,5,3798958,343474,S,2,.,.,.,unk,877,MC,.
10,28,2009,9,C,6,3798926,343489,S,2,.,.,.,unk,878,coyote,15
10,28,2009,9,C,7,3798873,343514,S,2,.,.,.,unk,879,coyote,15
10,28,2009,9,C,8,3798646,343645,S,2,1.95,1.93,11.7,coyote,880,unk,.
10,28,2009,9,C,9,3798451,343772,S,2,1.55,1.47,16.9,coyote,881,coyote,15
10,28,2009,9,C,10,3798434,343774,S,2,.,.,.,unk,882,coyote,11
10,28,2009,9,C,11,3798259,343876,S,2,2.04,2.12,8.2,coyote,883,coyote,11
10,28,2009,9,E,1,3796390,344800,G,2,1.56,1.28,4.8,coyote,884,coyote,23
10,28,2009,9,E,2,3796069,344904,G,2,.,.,.,unk,885,coyote,16
10,28,2009,9,E,3,3795353,345182,G,2,2.45,2.16,8.9,coyote,886,MC,23
10,28,2009,9,E,4,3795252,345222,G,2,1.52,1.49,5.5,coyote,887,coyote,23
10,29,2009,9,F,1,3796330,347194,G,2,1.09,1.15,16.9,coyote,888,coyote,22
10,29,2009,9,F,2,3796368,347206,G,2,1.51,1.43,6.7,coyote,889,coyote,16
10,29,2009,9,F,3,3796521,347264,G,2,.,.,.,unk,890,coyote,.
10,29,2009,9,F,4,3796580,347318,G,1,.,.,.,unk,891,unk,.
10,29,2009,9,G,1,3798235,348384,G,2,.,.,.,unk,892,coyote,24
10,29,2009,9,G,2,3798239,348386,G,1,.,.,.,unk,893,coyote,24
10,29,2009,9,G,3,3798606,348657,G,1,.,.,.,unk,894,unk,.
10,30,2009,9,R,1,3796009,324790,S,2,.,.,.,unk,895,coyote,35
10,30,2009,9,R,2,3795990,324764,S,2,1.78,1.68,8,coyote,896,coyote,.
10,30,2009,9,R,3,3796304,323876,S,1,0.77,0.82,5.4,MC,897,unk,.
10,30,2009,9,R,4,3796321,323840,S,1,1.38,1.42,4.1,MC,898,unk,.
10,30,2009,9,S,1,3795754,323032,S,3,2.41,2.36,9,coyote,899,coyote,74
10,30,2009,9,S,2,3795576,323034,S,2,1.8,1.82,4.8,coyote,900,coyote,.
10,30,2009,9,S,3,3795522,323023,S,3,1.77,1.7,5.7,coyote,901,coyote,74
10,30,2009,9,S,4,3795190,323016,S,3,1.77,1.74,7.2,coyote,902,coyote,74
10,30,2009,9,S,5,3794671,322922,S,2,2.19,2.01,14.8,coyote,903,coyote,70
11,1,2009,9,T,1,3791887,322588,S,2,2.03,1.82,9.2,MC,904,coyote,35
11,1,2009,9,T,2,3791699,322592,S,1,1.8,1.9,5.7,MC,905,coyote,.
11,1,2009,9,T,3,3791697,322590,S,2,1.11,0.96,2.7,MC,906,coyote,35
11,1,2009,9,U,1,3808822,324982,G,2,1.4,1.18,6.1,coyote,907,unk,.
11,1,2009,9,V,1,3805871,325545,G,2,1.83,2.01,8.7,coyote,908,unk,.
11,2,2009,9,H,1,3800649,350239,G,2,.,.,.,unk,909,coyote,.
11,2,2009,9,H,2,3800661,350247,G,2,1.52,1.57,5.2,coyote,910,coyote,48
11,2,2009,9,H,3,3800956,350468,G,2,.,.,.,unk,911,coyote,25
11,3,2009,9,I,1,3804168,349496,G,1,2.05,1.7,13.4,coyote,912,coyote,57
11,3,2009,9,I,2,3804199,349463,G,1,.,.,.,unk,913,coyote,57
11,3,2009,9,I,3,3804321,349390,G,1,.,.,.,unk,914,coyote,.
11,3,2009,9,J,1,3806648,347915,G,2,1.76,1.77,12.5,coyote,915,coyote,27
11,3,2009,9,K,1,3796490,341924,S,2,.,.,.,unk,916,coyote,30
11,3,2009,9,K,2,3796460,341919,S,2,1.85,1.79,7.9,coyote,917,coyote,44
11,3,2009,9,K,3,3795846,341699,S,2,1.3,1.1,7.3,coyote,918,coyote,49
11,4,2009,9,M,1,3793646,338088,G,2,.,.,.,unk,919,coyote,31
11,4,2009,9,M,2,3793674,337216,G,3,2.2,2.14,5.3,coyote,920,coyote,50
11,4,2009,9,M,3,3793643,336799,G,2,.,.,.,unk,921,coyote,9
11,4,2009,9,M,4,3793638,336786,G,3,1.85,1.89,2.4,NC,922,coyote,9
11,4,2009,9,M,5,3793598,336708,G,3,.,.,.,unk,923,coyote,31
11,4,2009,9,N,1,3792002,335854,G,2,2.13,2.18,3.2,coyote,924,MC,51
11,4,2009,9,N,2,3791990,335852,G,2,2.49,2.48,4.3,coyote,925,coyote,18
11,4,2009,9,N,3,3791875,335804,G,2,1.88,1.74,6.1,coyote,926,unk,.
11,4,2009,9,N,4,3791746,335750,G,2,1.11,0.92,7.8,coyote,927,coyote,51
11,4,2009,9,N,5,3791511,335665,G,2,2.11,1.99,9.1,coyote,928,coyote,51
11,5,2009,9,N,6,3791149,335543,G,2,2.62,2.7,2.6,MC,929,coyote,18
11,5,2009,9,N,7,3791110,335526,G,3,1.69,1.87,3.6,coyote,930,coyote,51
11,6,2009,9,P,1,3788078,336873,S,2,2.52,2.19,10.7,coyote,931,coyote,10
11,6,2009,9,P,2,3788764,337224,S,1,2.02,1.93,3.5,coyote,932,coyote,51
11,6,2009,9,Q,1,3790354,338910,S,2,.,.,.,unk,933,unk,.
11,6,2009,9,Q,2,3790411,338953,S,2,1.8,2.16,8.4,coyote,934,coyote,33
11,6,2009,9,Q,3,3791156,339550,S,2,1.33,1.4,9.2,coyote,935,coyote,33
6,24,2008,1,B,13,3802574,344480,G,.,.,.,.,unk,.,na,.
